Dina Lightbowne, dlightbowne0@wikimedia.org
Hyacintha Farncomb, hfarncomb1@youku.com
Leia Itzcovichch, litzcovichch2@domainmarket.com
La verne Swaine, lswaine3@chronoengine.com
Mavra Loyndon, mloyndon4@ihg.com
Junina Rengger, jrengger5@drupal.org
Aymer Cambling, acambling6@feedburner.com
Ab Fathers, afathers7@google.nl
Audrie Beumant, abeumant8@gov.uk
Humberto Balint, hbalint9@sogou.com
Eadith Goroni, egoronia@abc.net.au
Udall Alessandrucci, ualessandruccib@webmd.com
Fraze Anwell, fanwellc@mlb.com
Jecho Alltimes, jalltimesd@squidoo.com
Inna Grindle, igrindlee@tripod.com
Shaina Kipling, skiplingf@redcross.org
Garret Ditt, gdittg@amazon.co.uk
Dorelle Sheran, dsheranh@apache.org
Clea Tournie, ctourniei@t-online.de
Leelah Francois, lfrancoisj@java.com
Karol Tukesby, ktukesbyk@bizjournals.com
Tobias Springthorpe, tspringthorpel@posterous.com
Hedvige Alentyev, halentyevm@hubpages.com
Jorie Shilleto, jshilleton@jimdo.com
Mychal Whyborne, mwhyborneo@guardian.co.uk
